그와는 다른 생각을 갖고 있다,부정
별로 좋은 생각 같지 않다,부정
다른 생각이 있을 수 없다,부정
별로 좋은 생각이 아니다,부정
아주 좋은 생각은 아니다,망설임
그렇게 하는 것이 좋겠다,긍정
다른 생각을 갖고 있다,부정
다른 의견을 갖고 있다,부정
한 번 생각해 보겠다,유보적
동의하지 않을 것이다,부정
한번 생각해 보겠다,유보적
한 번 생각해보겠다,유보적
좋은 생각이 아니다,부정
기대에는 못 미친다,부정
좀 더 노력해야겠다,부정
그와 같은 생각이다,긍정
너와 같은 생각이다,긍정
많은 부분이 다르다,부정
한번 생각해보겠다,유보적
좀더 노력해야겠다,부정
됐다 안됐다 하네,부정
이런 식으로 할래,부정
동의하지 못하겠다,부정
다른 생각이 없다,부정
하고 싶지 않다,부정
그걸로 해주세요,긍정
그렇게 생각 해,긍정
한 번 해 보자,긍정
그렇긴 그러네요,긍정
그렇긴 그렇네요,긍정
그러한 것 같아,긍정
노력이 가상하군,긍정
이런식으로 할래,부정
동의하지 못하다,부정
동의할 수 없다,부정
똑같은 생각이다,긍정
똑같은 의견이다,긍정
일치하지 않는다,부정
그렇지 아니하다,부정
잘 모르겠어요,유보적
그렇게 생각해,긍정
그것으로 해요,긍정
좋은 생각이다,긍정
나쁜 생각이다,부정
좋아할 만하다,긍정
싫어할 만하다,부정
한 번 해보자,긍정
한번 해 보자,긍정
난 또 뭐라고,부정
동의하지 않다,부정
동의할수 없다,부정
동의하기 싫다,부정
다른 생각이다,부정
다른 의견이다,부정
같은 생각이다,긍정
맞는 생각이다,긍정
그럴 수 없다,부정
싫어할만하다,부정
그게 좋겠다,긍정
나쁘지 않다,모호함
그럴까 말까,망설임
그걸로 해요,긍정
한번 해보자,긍정
그냥 그랬어,부정
그저 그랬어,부정
그냥 그렇네,부정
그저 그렇네,부정
그런것 같아,긍정
그렇게 보여,긍정
이게 무어야,부정
별 것 없네,부정
쑥쑥 자라렴,모호함
판타스틱하다,긍정
잘 좀 해봐,부정
아직 멀었다,부정
그럴수 없다,부정
감개무량하다,긍정
공평무사되다,긍정
공평무사하다,긍정
나긋나긋되다,긍정
나긋나긋하다,긍정
먹음직스럽다,긍정
안성맞춤되다,긍정
안성맞춤하다,긍정
애지중지하다,긍정
의기양양하다,긍정
자신만만하다,긍정
푸릇푸릇하다,긍정
흥미진진하다,긍정
가슴앓이되다,부정
가슴앓이하다,부정
거드름피우다,부정
고리타분하다,부정
극악무도되다,부정
극악무도하다,부정
기절초풍하다,부정
날품팔이되다,부정
날품팔이하다,부정
노발대발하다,부정
노심초사하다,부정
다이너마이트,부정
망연자실하다,부정
무시무시하다,부정
불만족스럽다,부정
서먹서먹하다,부정
소매치기되다,부정
소매치기하다,부정
수수방관하다,부정
싱숭생숭하다,부정
아슬아슬하다,부정
아연실색하다,부정
안달복달하다,부정
안절부절하다,부정
어처구니없다,부정
오락가락하다,부정
우유부단하다,부정
위태위태되다,부정
위태위태하다,부정
으르렁거리다,부정
의기소침하다,부정
인사불성되다,부정
자포자기되다,부정
자포자기하다,부정
전전긍긍하다,부정
조마조마하다,부정
지긋지긋되다,부정
지긋지긋하다,부정
포름알데히드,부정
혼비백산하다,부정
흥청망청되다,부정
흥청망청하다,부정
그렇지 않다,부정
너무 좋아,긍정
할까 말까,망설임
좋지 않아,부정
그렇게 해,긍정
감사합니다,긍정
그냥 그래,부정
그저 그래,부정
별 볼 일,부정
자랑스럽다,긍정
사랑스럽다,긍정
이게 뭐야,부정
음… 글쎄,부정
수고하세요,모호함
환상적이다,긍정
서프라이징,긍정
잘좀 해봐,부정
미동의하다,부정
고급스럽다,긍정
고즈넉하다,긍정
귀여워하다,긍정
나들이되다,긍정
나들이하다,긍정
넘실거리다,긍정
다행스럽다,긍정
만족스럽다,긍정
멋드러지다,긍정
멋들어지다,긍정
바람직되다,긍정
바람직하다,긍정
박애주의자,긍정
부러워하다,긍정
부지런되다,긍정
부지런하다,긍정
속시원하게,긍정
속시원하다,긍정
아드레날린,긍정
어우러지다,긍정
예쁘장하다,긍정
정성스럽게,긍정
정성스럽다,긍정
짝사랑하다,긍정
터닝포인트,긍정
홀가분하다,긍정
가증스럽다,부정
개인주의자,부정
거짓말되다,부정
거짓말하다,부정
게으름뱅이,부정
게을리되다,부정
게을리하다,부정
고통스럽다,부정
공산주의자,부정
공포스럽다,부정
괴로워하다,부정
기회주의자,부정
꺼림칙되다,부정
꺼림칙하다,부정
께름칙하다,부정
꾸지람되다,부정
꾸지람하다,부정
남부끄럽다,부정
낯간지럽다,부정
눈속임되다,부정
눈속임하다,부정
늦잠꾸러기,부정
도피주의자,부정
두려워하다,부정
뒤범벅되다,부정
뒤범벅하다,부정
뒤숭숭하다,부정
떨떠름하다,부정
말다툼되다,부정
말다툼하다,부정
말대꾸되다,부정
말대꾸하다,부정
말장난되다,부정
말장난하다,부정
망신스럽다,부정
몰인정되다,부정
몰인정하다,부정
못마땅하다,부정
무의미하다,부정
밀수입되다,부정
밀수입하다,부정
밉살스럽다,부정
바보스럽다,부정
부담스럽다,부정
분통터지다,부정
불만족하다,부정
불시착되다,부정
불시착하다,부정
비뚤어지다,부정
비위돌리다,부정
뾰로통하다,부정
삐걱거리다,부정
사회주의자,부정
새치기되다,부정
새치기하다,부정
서러워하다,부정
수치스럽다,부정
시무룩되다,부정
시무룩하다,부정
시큰둥하다,부정
심드렁하다,부정
아주 좋아,긍정
암거래되다,부정
암거래하다,부정
앙갚음되다,부정
앙갚음하다,부정
어수선하다,부정
어정쩡하다,부정
얼떨떨하다,부정
욕지기되다,부정
욕지기하다,부정
울화치밀다,부정
이기주의자,부정
인플레이션,부정
잔소리되다,부정
잔소리하다,부정
제국주의자,부정
지저분되다,부정
지저분하다,부정
진저리나다,부정
진저리난다,부정
쩔뚝거리다,부정
철면피되다,부정
철면피하다,부정
치욕스럽다,부정
코웃음치다,부정
투덜거리다,부정
퉁명스럽다,부정
패배주의자,부정
포로수용소,부정
헉헉거리다,부정
좋아 좋아,긍정
할만하다,긍정
모르겠어,망설임
그러하다,긍정
잠시만요,망설임
좋을까요,망설임
괜찮아요,긍정
해 보자,긍정
그래그래,긍정
어떡하다,모호함
별 볼일,부정
별볼 일,부정
그렇구만,긍정
별것없네,부정
놀라운데,긍정
대단하다,긍정
괜찮은데,긍정
쓸만하다,긍정
반가웠어,긍정
판타스틱,긍정
잘좀해봐,부정
어쭈구리,모호함
동의하다,긍정
일치한다,긍정
일치하다,긍정
동일하다,긍정
좋아좋아,긍정
형편없다,부정
안타깝다,부정
가득하다,긍정
가뿐하다,긍정
간결하다,긍정
간수하다,긍정
간절하다,긍정
간직되다,긍정
간직하다,긍정
갈망하다,긍정
감격되다,긍정
감격하다,긍정
감동하다,긍정
감명되다,긍정
감미롭다,긍정
감복하다,긍정
감사하다,긍정
감상하다,긍정
감탄되다,긍정
감탄하다,긍정
감화되다,긍정
감화하다,긍정
강건되다,긍정
강건하게,긍정
강건하다,긍정
강인하다,긍정
개량되다,긍정
개량하다,긍정
개선되다,긍정
개선하다,긍정
개운하다,긍정
거룩되다,긍정
거룩하다,긍정
건강되다,긍정
건강하다,긍정
건배되다,긍정
건배하다,긍정
건장하다,긍정
검소하다,긍정
격려하다,긍정
견고하게,긍정
결백하다,긍정
결실되다,긍정
결실하다,긍정
겸손하다,긍정
경건되다,긍정
경건하다,긍정
경의되다,긍정
경의하다,긍정
경이롭다,긍정
경쾌되다,긍정
경쾌하다,긍정
경탄되다,긍정
경탄하다,긍정
고결되다,긍정
고결하다,긍정
고귀되다,긍정
고귀하다,긍정
고급되다,긍정
고급지다,긍정
고급하다,긍정
고무되다,긍정
고상하다,긍정
공감하다,긍정
공로되다,긍정
공로하다,긍정
공손되다,긍정
공손하다,긍정
관대하게,긍정
관대하다,긍정
교감하다,긍정
교양되다,긍정
교육되다,긍정
교정되다,긍정
교정하다,긍정
교훈되다,긍정
구경거리,긍정
구명되다,긍정
구명하다,긍정
구원하다,긍정
구제되다,긍정
구제하다,긍정
구조되다,긍정
구조하다,긍정
구출되다,긍정
구출하다,긍정
그득하다,긍정
극복되다,긍정
극복하다,긍정
근면되다,긍정
근면하다,긍정
근사하다,긍정
기념되다,긍정
기념하다,긍정
기도하다,긍정
기부되다,긍정
기부하다,긍정
기뻐하다,긍정
기암괴석,긍정
기암절벽,긍정
기약하다,긍정
기운차다,긍정
기원하다,긍정
기회되다,긍정
깔끔되다,긍정
깔끔하게,긍정
깔끔하다,긍정
깨끗되다,긍정
깨끗하게,긍정
깨끗하다,긍정
꼼꼼되다,긍정
꼼꼼하다,긍정
꿋꿋되다,긍정
꿋꿋하다,긍정
나긋나긋,긍정
나아지다,긍정
날씬되다,긍정
날씬하게,긍정
날씬하다,긍정
넉넉하다,긍정
노력하다,긍정
놀이되다,긍정
놀이하다,긍정
눈부시다,긍정
능력되다,긍정
능력하다,긍정
다정되다,긍정
다정하다,긍정
단장되다,긍정
단장하다,긍정
달성되다,긍정
달성하다,긍정
달콤하다,긍정
담담하다,긍정
담소되다,긍정
담소하다,긍정
대견하다,긍정
대표되다,긍정
대표하다,긍정
도약되다,긍정
도약하다,긍정
도취하다,긍정
독단하다,긍정
독립되다,긍정
독립하다,긍정
독서되다,긍정
독서하다,긍정
동감하다,긍정
동맹되다,긍정
동맹하다,긍정
되살리다,긍정
든든하다,긍정
듬직하다,긍정
따뜻되다,긍정
따뜻하게,긍정
따뜻하다,긍정
따스하다,긍정
떳떳하게,긍정
떳떳하다,긍정
똑똑되다,긍정
똑똑하게,긍정
똑똑하다,긍정
뛰어나다,긍정
뛰어난다,긍정
뜨끈하다,긍정
만끽하다,긍정
만능되다,긍정
만능하다,긍정
만만하다,긍정
만족하다,긍정
말쑥하게,긍정
맛깔나다,긍정
맛깔난다,긍정
매료되다,긍정
매혹되다,긍정
매혹하다,긍정
명예되다,긍정
명예하다,긍정
명쾌되다,긍정
명쾌하다,긍정
모범되다,긍정
모범하다,긍정
뭉클하다,긍정
반짝이다,긍정
발전하다,긍정
발판되다,긍정
발판하다,긍정
번영되다,긍정
번영하다,긍정
보강되다,긍정
보강하다,긍정
보답하다,긍정
보람차다,긍정
보상되다,긍정
보상하다,긍정
보수되다,긍정
보수하다,긍정
보완되다,긍정
보완하다,긍정
보정되다,긍정
보정하다,긍정
보존되다,긍정
보존하다,긍정
보호되다,긍정
보호하다,긍정
복구되다,긍정
복구하다,긍정
부드럽다,긍정
부지런히,긍정
부티나다,긍정
부티난다,긍정
부활되다,긍정
부활하다,긍정
불굴되다,긍정
빼어나다,긍정
빼어난다,긍정
뿌듯하다,긍정
사랑되다,긍정
사랑하다,긍정
사려깊다,긍정
사려하다,긍정
사로잡다,긍정
사면되다,긍정
사면하다,긍정
사모하다,긍정
산뜻하게,긍정
산뜻하다,긍정
산책되다,긍정
산책하다,긍정
살균되다,긍정
살균하다,긍정
상냥되다,긍정
상냥하다,긍정
상쾌되다,긍정
상쾌하다,긍정
선량되다,긍정
선량하게,긍정
선량하다,긍정
선행되다,긍정
선행하다,긍정
섬세되다,긍정
섬세하게,긍정
섬세하다,긍정
성공되다,긍정
성공하다,긍정
성숙하다,긍정
성실되다,긍정
성실하다,긍정
성장되다,긍정
성장하다,긍정
세련되다,긍정
세련하다,긍정
세밀되다,긍정
세밀하게,긍정
세밀하다,긍정
소망하다,긍정
소원하다,긍정
소중하다,긍정
소탕되다,긍정
소탕하다,긍정
속시원히,긍정
수려하다,긍정
수월하다,긍정
수확되다,긍정
수확하다,긍정
숙달되다,긍정
숙달하다,긍정
숙련되다,긍정
숙련하다,긍정
순결되다,긍정
순결하다,긍정
순수되다,긍정
순수하다,긍정
순조되다,긍정
순조롭다,긍정
순조하다,긍정
순종되다,긍정
순종하다,긍정
순진되다,긍정
순진하다,긍정
순항되다,긍정
순항하다,긍정
승낙하다,긍정
승리되다,긍정
승리하다,긍정
승진되다,긍정
승진하다,긍정
승천되다,긍정
승천하다,긍정
승화되다,긍정
승화하다,긍정
시원스레,긍정
시원하다,긍정
신기하다,긍정
신뢰되다,긍정
신뢰롭다,긍정
신뢰하다,긍정
신명나다,긍정
신명난다,긍정
신비롭다,긍정
신비하게,긍정
신비하다,긍정
신선되다,긍정
신선하다,긍정
신속되다,긍정
신속하다,긍정
신의하다,긍정
싱싱하다,긍정
씩씩되다,긍정
씩씩하다,긍정
아늑하다,긍정
아름답다,긍정
안도하다,긍정
안락되다,긍정
안락하다,긍정
안성맞춤,긍정
안식되다,긍정
안식하다,긍정
안심되다,긍정
안심하다,긍정
안전하다,긍정
안정되다,긍정
안정하다,긍정
애국되다,긍정
애국주의,긍정
애국하다,긍정
애달프다,긍정
애련하다,긍정
애잔하다,긍정
애절하다,긍정
애호되다,긍정
애호하다,긍정
양성되다,긍정
양성하다,긍정
어울리다,긍정
여유롭다,긍정
연모하다,긍정
연정하다,긍정
열광하다,긍정
열망하다,긍정
열애하다,긍정
염원하다,긍정
영광되다,긍정
예비되다,긍정
예비하다,긍정
예찬하다,긍정
온화되다,긍정
온화하다,긍정
올바르다,긍정
완벽하다,긍정
욕심나다,긍정
욕심난다,긍정
용감하다,긍정
용맹되다,긍정
용맹하다,긍정
용서되다,긍정
용서하다,긍정
용이하다,긍정
우수하다,긍정
우아하다,긍정
우정되다,긍정
우정하다,긍정
우쭐하다,긍정
웅장하다,긍정
원조하다,긍정
위대하다,긍정
위로되다,긍정
위로하다,긍정
위안되다,긍정
위안하다,긍정
유능되다,긍정
유능하게,긍정
유능하다,긍정
유망되다,긍정
유망하다,긍정
유명되다,긍정
유명하다,긍정
유복하다,긍정
유용하다,긍정
유익되다,긍정
유익하다,긍정
유쾌되다,긍정
유쾌하다,긍정
육성하다,긍정
으뜸되다,긍정
으쓱하다,긍정
은은하다,긍정
은혜롭다,긍정
이해되다,긍정
이해하다,긍정
익살맞다,긍정
인내되다,긍정
인내하다,긍정
인정되다,긍정
인정하다,긍정
입상되다,긍정
입상하다,긍정
자긍하다,긍정
자랑스레,긍정
자랑하다,긍정
자부하다,긍정
자비되다,긍정
자비하다,긍정
자선되다,긍정
자선하다,긍정
자신하다,긍정
자애롭다,긍정
자족하다,긍정
장수하다,긍정
장엄하다,긍정
재건되다,긍정
재건하다,긍정
재기하다,긍정
재미있다,긍정
재치있다,긍정
재치하다,긍정
저렴하다,긍정
적격되다,긍정
적격하다,긍정
적당하게,긍정
적당하다,긍정
적법되다,긍정
적법하다,긍정
적절되다,긍정
적절하다,긍정
전능하다,긍정
전율하다,긍정
절약하다,긍정
절절하다,긍정
정갈하다,긍정
정교하다,긍정
정돈되다,긍정
정돈하다,긍정
정밀하다,긍정
정연하다,긍정
정직하다,긍정
정착되다,긍정
정착하다,긍정
정화하다,긍정
정확하게,긍정
정확하다,긍정
조신하다,긍정
조율하다,긍정
조절하다,긍정
조화롭다,긍정
존경되다,긍정
존경하다,긍정
존중되다,긍정
존중하다,긍정
좋아하다,긍정
준법되다,긍정
준법하다,긍정
증대되다,긍정
증대하다,긍정
지각하다,긍정
지지하다,긍정
진급되다,긍정
진급하다,긍정
진실되다,긍정
진실하다,긍정
진화하다,긍정
차분하게,긍정
차분하다,긍정
찬미하다,긍정
찬사하다,긍정
찬성되다,긍정
찬성하다,긍정
청결되다,긍정
청결하게,긍정
청결하다,긍정
청렴하다,긍정
청명하다,긍정
청아하게,긍정
청아하다,긍정
청정하다,긍정
청혼하다,긍정
초대되다,긍정
초대하다,긍정
총애하다,긍정
최고되다,긍정
최고하다,긍정
추억되다,긍정
추억하다,긍정
추천되다,긍정
추천하다,긍정
축복되다,긍정
축복하다,긍정
축하하다,긍정
충성되다,긍정
충성하다,긍정
충실되다,긍정
충실하다,긍정
치료되다,긍정
치료하다,긍정
치하하다,긍정
친목되다,긍정
친목하다,긍정
친밀되다,긍정
친밀하다,긍정
친애되다,긍정
친애하다,긍정
친절하게,긍정
친절하다,긍정
침착되다,긍정
침착하게,긍정
침착하다,긍정
칭찬되다,긍정
칭찬하다,긍정
쾌적되다,긍정
쾌적하게,긍정
쾌적하다,긍정
쾌활되다,긍정
쾌활하게,긍정
쾌활하다,긍정
탁월되다,긍정
탁월하게,긍정
탁월하다,긍정
탄복하다,긍정
탐스럽다,긍정
태평하다,긍정
통쾌하다,긍정
특별하게,긍정
특별하다,긍정
튼튼되다,긍정
튼튼하게,긍정
튼튼하다,긍정
편리되다,긍정
편리하다,긍정
편안하게,긍정
편안하다,긍정
평안되다,긍정
평안하게,긍정
평안하다,긍정
평온되다,긍정
평온하게,긍정
평온하다,긍정
평화되다,긍정
평화롭다,긍정
평화하다,긍정
포근하다,긍정
푸릇푸릇,긍정
푸짐하다,긍정
풍미되다,긍정
풍미하다,긍정
풍부되다,긍정
풍부하게,긍정
풍부하다,긍정
풍성하게,긍정
풍성하다,긍정
풍요되다,긍정
풍요롭다,긍정
풍요하다,긍정
풍족되다,긍정
풍족하게,긍정
풍족하다,긍정
프리미엄,긍정
한가로이,긍정
한가하다,긍정
한적하다,긍정
합의되다,긍정
합의하다,긍정
해로하다,긍정
행복되다,긍정
행복하다,긍정
향긋되다,긍정
향긋하게,긍정
향긋하다,긍정
향상하다,긍정
향수되다,긍정
향수하다,긍정
헌신되다,긍정
헌신하다,긍정
현명되다,긍정
현명하게,긍정
현명하다,긍정
협동하다,긍정
협력되다,긍정
협력하다,긍정
호감가다,긍정
호전되다,긍정
화려하다,긍정
화해되다,긍정
화해하다,긍정
확충되다,긍정
확충하다,긍정
환대되다,긍정
환대하다,긍정
환영되다,긍정
환영하다,긍정
환희하다,긍정
활기차다,긍정
활발하게,긍정
활발하다,긍정
활용하다,긍정
황송하다,긍정
황홀되다,긍정
황홀하게,긍정
황홀하다,긍정
회개되다,긍정
회개하다,긍정
회복되다,긍정
회복하다,긍정
횡재되다,긍정
횡재하다,긍정
후끈하다,긍정
후련하게,긍정
후련하다,긍정
훌륭하게,긍정
훌륭하다,긍정
휴식하다,긍정
휴양하다,긍정
흐뭇하다,긍정
흠모하다,긍정
흡족하다,긍정
흥미롭다,긍정
힐링하다,긍정
가난되다,부정
가난하다,부정
가담되다,부정
가련하다,부정
가소롭다,부정
가슴앓이,부정
가책하다,부정
가파르다,부정
간섭되다,부정
간섭하다,부정
간음되다,부정
간음하다,부정
간통되다,부정
간통하다,부정
갈등하다,부정
감언이설,부정
갑갑하다,부정
강간되다,부정
강간하다,부정
강도되다,부정
강도하다,부정
강요되다,부정
강요하다,부정
강제되다,부정
강제하다,부정
개인주의,부정
개탄하다,부정
거만되다,부정
거만하다,부정
거부되다,부정
거부하다,부정
거북하다,부정
거절되다,부정
거절하다,부정
걱정거리,부정
걱정되다,부정
걱정하다,부정
건방지다,부정
게슈타포,부정
게으르다,부정
격노되다,부정
격노하다,부정
격분하다,부정
격앙하다,부정
격투되다,부정
격투하다,부정
결여되다,부정
결여하다,부정
결핍되다,부정
결핍하다,부정
결함되다,부정
결함하다,부정
겸연쩍다,부정
경멸되다,부정
경멸하다,부정
경박되다,부정
경박하다,부정
경솔되다,부정
경솔하다,부정
경시되다,부정
경시하다,부정
경악하다,부정
고뇌되다,부정
고뇌하다,부정
고독하다,부정
고루하다,부정
고립되다,부정
고립하다,부정
고문하다,부정
고민하다,부정
고발되다,부정
고발하다,부정
고생되다,부정
고생하다,부정
고장나다,부정
고장난다,부정
곡해되다,부정
곡해하다,부정
곤궁되다,부정
곤궁하다,부정
곤란되다,부정
곤란하다,부정
곤혹되다,부정
곤혹하다,부정
공산주의,부정
공포되다,부정
공포하다,부정
공허하다,부정
과격되다,부정
과격하다,부정
과도하다,부정
과민되다,부정
과민하다,부정
과시되다,부정
과시하다,부정
과식되다,부정
과식하다,부정
과음되다,부정
과음하다,부정
과장되다,부정
괘씸되다,부정
괘씸하다,부정
괴기되다,부정
괴기하다,부정
괴롭히다,부정
괴상되다,부정
괴상하다,부정
교만되다,부정
교만하다,부정
교묘되다,부정
교묘하다,부정
교활되다,부정
교활하다,부정
구걸되다,부정
구걸하다,부정
구속되다,부정
구속하다,부정
구슬프다,부정
구원되다,부정
구타되다,부정
구타하다,부정
구토되다,부정
구토하다,부정
군림되다,부정
군림하다,부정
굶주리다,부정
궁핍되다,부정
궁핍하다,부정
권태롭다,부정
귀머거리,부정
규제되다,부정
규제하다,부정
극단론자,부정
극악되다,부정
극악무도,부정
극악하다,부정
근심되다,부정
근심하다,부정
금기되다,부정
금기하다,부정
급사되다,부정
급사하다,부정
기겁하다,부정
기관지염,부정
기괴되다,부정
기괴하다,부정
기둥서방,부정
기만되다,부정
기만하다,부정
기소되다,부정
기소하다,부정
기절되다,부정
기절하다,부정
기침되다,부정
기침하다,부정
기피되다,부정
기피하다,부정
기회주의,부정
긴장하다,부정
까다롭다,부정
껄끄럽다,부정
께름하다,부정
꼴사납다,부정
꿀꿀하다,부정
끔찍하다,부정
나락되다,부정
나락하다,부정
나빠지다,부정
나약되다,부정
나약하다,부정
나태되다,부정
나태하다,부정
낙담되다,부정
낙담하다,부정
낙망하다,부정
낙심되다,부정
낙심하다,부정
난감하다,부정
난입되다,부정
난입하다,부정
난잡되다,부정
난잡하다,부정
난처되다,부정
난처하다,부정
난투되다,부정
난투하다,부정
난파되다,부정
난파하다,부정
난폭되다,부정
난폭하다,부정
날품팔이,부정
남부럽다,부정
남용되다,부정
남용하다,부정
납치되다,부정
납치하다,부정
낭떠러지,부정
낭비되다,부정
낭비하다,부정
낭패하다,부정
낯뜨겁다,부정
내전되다,부정
내전하다,부정
냉담되다,부정
냉담하다,부정
냉소되다,부정
냉소하다,부정
냉정되다,부정
냉정하다,부정
냉혹되다,부정
냉혹하다,부정
너덜하다,부정
넝마주이,부정
노름되다,부정
노름하다,부정
노쇠되다,부정
노쇠하다,부정
노화되다,부정
노화하다,부정
누락되다,부정
누락하다,부정
누설되다,부정
누설하다,부정
누추되다,부정
누추하다,부정
누출되다,부정
누출하다,부정
눈물겹다,부정
뉘우치다,부정
답답하다,부정
당혹되다,부정
당혹하다,부정
당황하다,부정
대꾸되다,부정
대꾸하다,부정
더럽히다,부정
도둑맞다,부정
도망치다,부정
도박되다,부정
도박하다,부정
도벽되다,부정
도벽하다,부정
도살되다,부정
도살하다,부정
도용되다,부정
도용하다,부정
도주하다,부정
독단되다,부정
독단주의,부정
독사되다,부정
독사하다,부정
독설되다,부정
독설하다,부정
독재하다,부정
동경하다,부정
동요하다,부정
동정하다,부정
두드러기,부정
둔감되다,부정
둔감하다,부정
뒤얽히다,부정
뒤처지다,부정
뒤쳐지다,부정
뒤틀리다,부정
따분하다,부정
떠름하다,부정
뚱뚱되다,부정
뚱뚱하다,부정
뜨끔하다,부정
뜨악하다,부정
막막하다,부정
막연하다,부정
말살되다,부정
말살하다,부정
망각되다,부정
망각하다,부정
망령되다,부정
망령하다,부정
망신되다,부정
망신하다,부정
망연하다,부정
매정하다,부정
매춘되다,부정
매춘하다,부정
맹장되다,부정
맹장하다,부정
머쓱하다,부정
멍청되다,부정
멍청하다,부정
메마르다,부정
메스껍다,부정
모멸하다,부정
모욕되다,부정
모욕하다,부정
모자라다,부정
몰락되다,부정
몰락하다,부정
몰수되다,부정
몰수하다,부정
못생기다,부정
몽유병자,부정
무능되다,부정
무능하다,부정
무력되다,부정
무력하다,부정
무례되다,부정
무례하다,부정
무료하다,부정
무상하다,부정
무색되다,부정
무색하다,부정
무시되다,부정
무시하다,부정
무식되다,부정
무식하다,부정
무심되다,부정
무심하다,부정
무안하다,부정
무용지물,부정
무익되다,부정
무익하다,부정
무정하다,부정
무지렁이,부정
묵과되다,부정
묵과하다,부정
미련퉁이,부정
미안하다,부정
미워하다,부정
미치광이,부정
미행되다,부정
미행하다,부정
민망하다,부정
밀수업자,부정
밀항되다,부정
밀항하다,부정
바람둥이,부정
박대하다,부정
박탈되다,부정
박탈하다,부정
반발되다,부정
반발하다,부정
반역되다,부정
반역하다,부정
반칙되다,부정
반칙하다,부정
반항되다,부정
반항하다,부정
발각되다,부정
발각하다,부정
발광되다,부정
발광하다,부정
발끈하다,부정
발뺌되다,부정
발뺌하다,부정
방심되다,부정
방심하다,부정
방종되다,부정
방종하다,부정
방탕되다,부정
방탕하다,부정
방해되다,부정
방해하다,부정
방황되다,부정
방황하다,부정
배교되다,부정
배교하다,부정
배반되다,부정
배반하다,부정
배신되다,부정
배신하다,부정
배타주의,부정
버릇없다,부정
버림받다,부정
번거롭다,부정
번뇌하다,부정
번민하다,부정
변명되다,부정
변명하다,부정
변절되다,부정
변절하다,부정
변칙되다,부정
변칙하다,부정
별로에요,부정
별로예요,부정
병약되다,부정
병약하다,부정
보복되다,부정
보복하다,부정
복잡되다,부정
복잡하다,부정
복통되다,부정
복통하다,부정
부끄럽다,부정
부담되다,부정
부담하다,부정
부당되다,부정
부당하다,부정
부식되다,부정
부식하다,부정
부아나다,부정
부아난다,부정
부정되다,부정
부정부패,부정
부정하다,부정
부진되다,부정
부진하다,부정
부패되다,부정
부패하다,부정
분개되다,부정
분개하다,부정
분노되다,부정
분노하다,부정
분열되다,부정
분열하다,부정
분쟁되다,부정
분쟁하다,부정
불결되다,부정
불결하다,부정
불길되다,부정
불길하다,부정
불리하다,부정
불만되다,부정
불만하다,부정
불법되다,부정
불법하다,부정
불신되다,부정
불신하다,부정
불쌍되다,부정
불쌍하다,부정
불안되다,부정
불안하다,부정
불온되다,부정
불온하다,부정
불운되다,부정
불운하다,부정
불임되다,부정
불임하다,부정
불충되다,부정
불충하다,부정
불쾌되다,부정
불쾌하다,부정
불편되다,부정
불편하다,부정
불평되다,부정
불평하다,부정
불행되다,부정
불행하다,부정
불화되다,부정
불화하다,부정
붕괴되다,부정
붕괴하다,부정
비겁되다,부정
비겁하다,부정
비관되다,부정
비관론자,부정
비관하다,부정
비난되다,부정
비난하다,부정
비만되다,부정
비만하다,부정
비방되다,부정
비방하다,부정
비열하다,부정
비참되다,부정
비참하다,부정
비천되다,부정
비천하다,부정
비탄되다,부정
비탄하다,부정
비통되다,부정
비통하다,부정
비판되다,부정
비판하다,부정
빈곤되다,부정
빈곤하다,부정
빈정대다,부정
빗나가다,부정
뻐드렁니,부정
뻔뻔되다,부정
뻔뻔하다,부정
뼈아프다,부정
사디스트,부정
사망되다,부정
사망하다,부정
사악되다,부정
사악하다,부정
사치되다,부정
사치하다,부정
사탄되다,부정
사탄하다,부정
사형되다,부정
사형하다,부정
사회주의,부정
삭막하다,부정
삭연하다,부정
산만되다,부정
산만하다,부정
산산조각,부정
살인되다,부정
살인하다,부정
상스럽다,부정
상실되다,부정
상실하다,부정
상심하다,부정
새침하다,부정
샐쭉하다,부정
서글프다,부정
서먹하다,부정
서운하다,부정
설워하다,부정
섬뜩되다,부정
섬뜩하다,부정
섭섭하다,부정
성가시다,부정
성급되다,부정
성급하다,부정
성병되다,부정
성병하다,부정
성질나다,부정
성질난다,부정
세뇌되다,부정
세뇌하다,부정
소름끼치,부정
소매치기,부정
소매하다,부정
소모되다,부정
소모하다,부정
소실되다,부정
소실하다,부정
소외되다,부정
소음되다,부정
소음하다,부정
소홀하다,부정
속상하다,부정
손상되다,부정
손상하다,부정
손실되다,부정
손실하다,부정
손해되다,부정
손해하다,부정
송구하다,부정
쇠약되다,부정
쇠약하다,부정
쇠퇴되다,부정
쇠퇴하다,부정
수상되다,부정
수상하다,부정
수수방관,부정
숙청되다,부정
숙청하다,부정
스산하다,부정
스트레스,부정
슬퍼하다,부정
습격되다,부정
습격하다,부정
시기되다,부정
시기하다,부정
시대착오,부정
시들하다,부정
시름겹다,부정
시샘하다,부정
시시하다,부정
시원찮다,부정
식상하다,부정
신랄되다,부정
신랄하다,부정
신음되다,부정
신음하다,부정
실격되다,부정
실격하다,부정
실례되다,부정
실례하다,부정
실망되다,부정
실망하다,부정
실성되다,부정
실성하다,부정
실수되다,부정
실수하다,부정
실업되다,부정
실업하다,부정
실연되다,부정
실연하다,부정
실의되다,부정
실의하다,부정
실추되다,부정
실추하다,부정
실패되다,부정
실패하다,부정
싫어하다,부정
심각하다,부정
심란하다,부정
심려하다,부정
심심하다,부정
심통하다,부정
싸움되다,부정
싸움하다,부정
쑥스럽다,부정
쓸데없이,부정
쓸모없다,부정
쓸쓸되다,부정
쓸쓸하다,부정
씁쓸하다,부정
아니꼽다,부정
아찔하다,부정
아첨되다,부정
아첨하다,부정
아파하다,부정
아편되다,부정
아편하다,부정
악독되다,부정
악독하다,부정
악평되다,부정
악평하다,부정
악화되다,부정
악화하다,부정
안달복달,부정
안달하다,부정
안쓰럽다,부정
안일되다,부정
안일하다,부정
안하무인,부정
알랑거리,부정
알레르기,부정
암담하다,부정
암살되다,부정
암살하다,부정
압박되다,부정
압박하다,부정
압제되다,부정
압제하다,부정
애매하다,부정
애석하다,부정
애처롭다,부정
애통터지,부정
애통하다,부정
애틋하다,부정
야박하다,부정
야비되다,부정
야비하다,부정
야속하다,부정
약오르다,부정
약탈되다,부정
약탈하다,부정
어색하다,부정
어이없다,부정
어지럽다,부정
억압되다,부정
억압하다,부정
억울되다,부정
억울하다,부정
억제되다,부정
억제하다,부정
언쟁되다,부정
언쟁하다,부정
얼빠지다,부정
얽매이다,부정
엄벌되다,부정
엄벌하다,부정
엉성되다,부정
엉성하다,부정
역정나다,부정
역정난다,부정
역정내다,부정
역정낸다,부정
연민하다,부정
열등되다,부정
열등하다,부정
염려하다,부정
염세되다,부정
염세주의,부정
염세하다,부정
예민되다,부정
예민하다,부정
오락가락,부정
오싹되다,부정
오싹하다,부정
오역되다,부정
오역하다,부정
오염되다,부정
오염하다,부정
오용되다,부정
오용하다,부정
오해되다,부정
오해하다,부정
옹졸되다,부정
옹졸하다,부정
와전되다,부정
와전하다,부정
완고되다,부정
완고하다,부정
왜곡되다,부정
왜곡하다,부정
외설되다,부정
외설하다,부정
욕설되다,부정
욕설하다,부정
용두사미,부정
우둔되다,부정
우둔하다,부정
우려되다,부정
우려하다,부정
우매되다,부정
우매하다,부정
우울되다,부정
우울하다,부정
우유부단,부정
울부짖다,부정
울분하다,부정
울적하다,부정
원망하다,부정
원통하다,부정
위급되다,부정
위급하다,부정
위기되다,부정
위기하다,부정
위반되다,부정
위반하다,부정
위배되다,부정
위배하다,부정
위법되다,부정
위법하다,부정
위선되다,부정
위선하다,부정
위압되다,부정
위압하다,부정
위조되다,부정
위조하다,부정
위증되다,부정
위증하다,부정
위축되다,부정
위축하다,부정
위태롭다,부정
위태위태,부정
위험되다,부정
위험하다,부정
위협되다,부정
위협하다,부정
유감되다,부정
유감하다,부정
유괴되다,부정
유괴하다,부정
유급되다,부정
유급하다,부정
유령되다,부정
유령하다,부정
유실되다,부정
유실하다,부정
유인되다,부정
유죄되다,부정
유죄하다,부정
유출되다,부정
유출하다,부정
유해되다,부정
유해하다,부정
은둔되다,부정
은둔하다,부정
은밀되다,부정
은밀하다,부정
음란되다,부정
음란하다,부정
음모되다,부정
음모하다,부정
음산되다,부정
음산하다,부정
음울되다,부정
음울하다,부정
음탕되다,부정
음탕하다,부정
음흉되다,부정
음흉하다,부정
의심되다,부정
의심하다,부정
의아하다,부정
이기주의,부정
이별되다,부정
이별하다,부정
이탈되다,부정
이탈하다,부정
이혼되다,부정
이혼하다,부정
인사불성,부정
인상되다,부정
인상하다,부정
인색되다,부정
인색하다,부정
자결되다,부정
자결하다,부정
자괴하다,부정
자기비판,부정
자기중심,부정
자만되다,부정
자만하다,부정
자멸되다,부정
자멸하다,부정
자살되다,부정
자살하다,부정
자조되다,부정
자조하다,부정
자책하다,부정
자폐되다,부정
자폐하다,부정
자포자기,부정
작살나다,부정
작살난다,부정
작살내다,부정
작살낸다,부정
잔인되다,부정
잔인하다,부정
잔학되다,부정
잔학하다,부정
잔혹되다,부정
잔혹하다,부정
장례되다,부정
장례하다,부정
장애되다,부정
장애하다,부정
재고되다,부정
재미없다,부정
재촉되다,부정
재촉하다,부정
저조되다,부정
저조하다,부정
저주되다,부정
저주하다,부정
저지되다,부정
저지르다,부정
저지하다,부정
저하되다,부정
저하하다,부정
전소되다,부정
전소하다,부정
절규되다,부정
절규하다,부정
절도되다,부정
절도하다,부정
절름거리,부정
절름발이,부정
절망되다,부정
절망하다,부정
절박되다,부정
절박하다,부정
정경유착,부정
정신병자,부정
제멋대로,부정
조롱되다,부정
조롱하다,부정
조작되다,부정
조작하다,부정
조잡되다,부정
조잡하다,부정
족쇄되다,부정
족쇄하다,부정
졸도되다,부정
졸도하다,부정
졸속주의,부정
좌절되다,부정
좌절하다,부정
좌천되다,부정
좌천하다,부정
좌초되다,부정
좌초하다,부정
죄송하다,부정
죄스럽다,부정
주눅들다,부정
중독되다,부정
중독하다,부정
증오되다,부정
증오하다,부정
지긋지긋,부정
지루되다,부정
지루하다,부정
지배되다,부정
지배하다,부정
지적되다,부정
지적하다,부정
진노하다,부정
진력나다,부정
진력난다,부정
진력내다,부정
진력낸다,부정
질겁하다,부정
질색되다,부정
질색하다,부정
질식되다,부정
질식하다,부정
질책되다,부정
질책하다,부정
질투되다,부정
질투하다,부정
집착되다,부정
집착하다,부정
징계되다,부정
징그럽다,부정
짜증나다,부정
짜증난다,부정
짜증내다,부정
짜증낸다,부정
쩨쩨하다,부정
찌푸리다,부정
찝찝하다,부정
착잡하다,부정
참담하다,부정
참수되다,부정
참수하다,부정
창백되다,부정
창백하다,부정
창피하다,부정
책망하다,부정
처량하다,부정
처벌되다,부정
처벌하다,부정
처참하다,부정
천박되다,부정
천박하다,부정
천식되다,부정
천식하다,부정
체포되다,부정
체포하다,부정
쳐들어가,부정
쳐부수다,부정
초라하다,부정
초조하다,부정
추방되다,부정
추방하다,부정
추악되다,부정
추악하다,부정
추잡되다,부정
추잡하다,부정
충돌되다,부정
충돌하다,부정
충혈되다,부정
충혈하다,부정
치사되다,부정
치사하다,부정
침략되다,부정
침략하다,부정
침몰되다,부정
침몰하다,부정
침울하다,부정
침입하다,부정
침체되다,부정
침체하다,부정
침침되다,부정
침침하다,부정
침통하다,부정
침해되다,부정
침해하다,부정
타격되다,부정
타격하다,부정
타락되다,부정
타락하다,부정
탄식하다,부정
탄핵되다,부정
탄핵하다,부정
탈선되다,부정
탈선하다,부정
탈옥되다,부정
탈옥하다,부정
태만되다,부정
태만하다,부정
토라지다,부정
통탄하다,부정
퇴폐되다,부정
퇴폐하다,부정
퇴행되다,부정
퇴행하다,부정
퇴화되다,부정
퇴화하다,부정
투기하다,부정
투덜대다,부정
투옥되다,부정
투옥하다,부정
투쟁되다,부정
투쟁하다,부정
투정되다,부정
투정하다,부정
파괴되다,부정
파괴하다,부정
파면되다,부정
파면하다,부정
파멸되다,부정
파멸하다,부정
파산되다,부정
파산하다,부정
파손되다,부정
파손하다,부정
파열되다,부정
파열하다,부정
패배되다,부정
패배하다,부정
편애되다,부정
편애하다,부정
포기되다,부정
포기하다,부정
포악되다,부정
포악하다,부정
폭격되다,부정
폭격하다,부정
폭발되다,부정
폭발하다,부정
폭음되다,부정
폭음하다,부정
피곤되다,부정
피곤하다,부정
피난되다,부정
피난하다,부정
피로되다,부정
피로하다,부정
피폐하다,부정
핑계되다,부정
핑계하다,부정
학대되다,부정
학대하다,부정
학살되다,부정
학살하다,부정
한맺히다,부정
한숨짓다,부정
한스럽다,부정
한탄하다,부정
항의되다,부정
항의하다,부정
해고되다,부정
해고하다,부정
해이되다,부정
해이하다,부정
허기지다,부정
허망하다,부정
허무하다,부정
허술되다,부정
허술하다,부정
허전하다,부정
허탈하다,부정
허풍선이,부정
허허롭다,부정
헐뜯기다,부정
험담되다,부정
험담하다,부정
험악되다,부정
험악하다,부정
혐오되다,부정
혐오하다,부정
협소하다,부정
협잡되다,부정
협잡하다,부정
형벌되다,부정
형벌하다,부정
호색되다,부정
호색하다,부정
호통되다,부정
호통하다,부정
혹심하다,부정
혼동되다,부정
혼동하다,부정
혼란되다,부정
혼란하다,부정
혼잡되다,부정
혼잡하다,부정
환각되다,부정
환각하다,부정
환락되다,부정
환락하다,부정
환멸하다,부정
황량되다,부정
황량하다,부정
황폐되다,부정
황폐하다,부정
회피되다,부정
회피하다,부정
회한하다,부정
횡령되다,부정
횡령하다,부정
횡포되다,부정
횡포하다,부정
후퇴되다,부정
후퇴하다,부정
후회되다,부정
후회하다,부정
훼방되다,부정
훼방하다,부정
훼손되다,부정
훼손하다,부정
흐릿하다,부정
흐트리다,부정
흡연되다,부정
흡연하다,부정
흥청망청,부정
희롱되다,부정
희롱하다,부정
망설이다,부정
알았어,긍정
그럴까,모호함
그러자,긍정
그렇다,긍정
좋겠지,모호함
좋을까,모호함
뭐라고,유보적
나쁘다,부정
좋아요,긍정
그래요,긍정
아니요,부정
해보자,긍정
틀리다,부정
다르다,부정
모르다,모호함
어쩌지,모호함
어쩌면,모호함
별볼일,부정
멋지다,긍정
예쁘다,긍정
별 것,부정
잘했어,긍정
나이스,긍정
원더풀,긍정
놀랍다,긍정
애썼다,모호함
잘해봐,긍정
예쁘네,긍정
미동의,부정
똑같다,긍정
아니다,부정
감싸다,긍정
감탄사,긍정
강건히,긍정
견고히,긍정
경축일,긍정
고맙다,긍정
관대히,긍정
괜찮다,긍정
구세주,긍정
귀공자,긍정
귀엽다,긍정
그립다,긍정
극진히,긍정
기쁘다,긍정
깃들다,긍정
깔끔히,긍정
깨끗이,긍정
끌리다,긍정
날씬히,긍정
놀라다,긍정
뉘우침,긍정
다정히,긍정
다행히,긍정
달갑다,긍정
당당히,긍정
대공포,긍정
데이트,긍정
도덕적,긍정
들뜨다,긍정
따뜻이,긍정
떳떳이,긍정
럭셔리,긍정
말쑥히,긍정
맘놓다,긍정
맛나다,긍정
맛난다,긍정
맛내다,긍정
맛낸다,긍정
맛있다,긍정
먹거리,긍정
멋있다,긍정
명승지,긍정
모처럼,긍정
미남자,긍정
미덥다,긍정
미쁘다,긍정
바라다,긍정
바람직,긍정
반갑게,긍정
반갑다,긍정
반기다,긍정
반하다,긍정
발돋움,긍정
방긋이,긍정
벅차다,긍정
베풀다,긍정
볼거리,긍정
부럽다,긍정
산뜻이,긍정
삼매경,긍정
상쾌히,긍정
생동감,긍정
선량히,긍정
설레다,긍정
설레임,긍정
섬기다,긍정
섬세히,긍정
성탄절,긍정
성하다,긍정
성황리,긍정
세밀히,긍정
순이익,긍정
식도락,긍정
신난다,긍정
신나다,긍정
신바람,긍정
신생아,긍정
안정기,긍정
알맞다,긍정
알차다,긍정
애국심,긍정
애국자,긍정
어질다,긍정
에티켓,긍정
엘리트,긍정
열심히,긍정
예쁘장,긍정
완벽히,긍정
용맹히,긍정
우습다,긍정
원하다,긍정
월급날,긍정
유능히,긍정
유유히,긍정
윤리적,긍정
이국적,긍정
이쁘다,긍정
이색적,긍정
자부심,긍정
자비심,긍정
자애심,긍정
잠재력,긍정
적극적,긍정
적당히,긍정
적정선,긍정
전성기,긍정
정가다,긍정
정겹다,긍정
정확히,긍정
즐거움,긍정
즐겁다,긍정
즐기다,긍정
지름길,긍정
지지자,긍정
진실로,긍정
진취적,긍정
짱이다,긍정
찡하다,긍정
차분히,긍정
참되다,긍정
챔피언,긍정
청결히,긍정
청명히,긍정
초정밀,긍정
최고급,긍정
최신식,긍정
최적화,긍정
축하다,긍정
춤추다,긍정
충실히,긍정
친근감,긍정
친절히,긍정
침착히,긍정
쾌적히,긍정
쾌활히,긍정
탁월히,긍정
탐나다,긍정
탐난다,긍정
특별히,긍정
튼튼히,긍정
파이팅,긍정
편안히,긍정
편하다,긍정
평안히,긍정
푸짐히,긍정
풍부히,긍정
풍성히,긍정
풍족히,긍정
합리적,긍정
합법적,긍정
행복감,긍정
향긋이,긍정
현명히,긍정
화이팅,긍정
활발히,긍정
황홀히,긍정
회복기,긍정
후련히,긍정
훌륭히,긍정
흥겹다,긍정
흥나다,긍정
흥난다,긍정
가렵다,부정
가엽다,부정
갑상선,부정
값싸다,부정
강간자,부정
강제력,부정
같잖다,부정
개싸움,부정
갱년기,부정
거드름,부정
거머리,부정
거부감,부정
거짓말,부정
거칠다,부정
건망증,부정
검버섯,부정
겁나다,부정
겁난다,부정
겉치장,부정
겉핥다,부정
게으름,부정
격하다,부정
결막염,부정
경범죄,부정
고발인,부정
고발자,부정
고소장,부정
골나다,부정
골난다,부정
곰팡이,부정
공기총,부정
공범자,부정
공포증,부정
관절염,부정
광견병,부정
괴롭다,부정
괴혈병,부정
교도소,부정
교수대,부정
교수형,부정
구두쇠,부정
구역질,부정
구치소,부정
굶주림,부정
귀찮다,부정
극빈자,부정
근육통,부정
금하다,부정
기생충,부정
기죽다,부정
기피자,부정
기형아,부정
깍쟁이,부정
꺼림칙,부정
꼬집다,부정
꾸지람,부정
낙오자,부정
난쟁이,부정
난파선,부정
난폭자,부정
날뛰다,부정
납치범,부정
낯설다,부정
내쫓다,부정
노여움,부정
노엽다,부정
노하다,부정
녹내장,부정
녹아웃,부정
눈사태,부정
눈속임,부정
느림보,부정
니코틴,부정
다래끼,부정
다치다,부정
당뇨병,부정
대머리,부정
더디다,부정
더러움,부정
더럽다,부정
덧없다,부정
도망자,부정
도살자,부정
도살장,부정
독가스,부정
독재자,부정
독하다,부정
두렵다,부정
뒈지다,부정
뒤범벅,부정
딱하다,부정
떠들다,부정
떼쓰다,부정
뚜쟁이,부정
뚱뚱보,부정
마피아,부정
말다툼,부정
말대꾸,부정
맛없다,부정
매섭다,부정
매춘부,부정
맥빠지,부정
멍청이,부정
메두사,부정
모자람,부정
몰인정,부정
몽타주,부정
무더위,부정
무력증,부정
무뢰한,부정
무서움,부정
무섭다,부정
무의미,부정
미개인,부정
밀수입,부정
밑바닥,부정
바다뱀,부정
박해자,부정
반대자,부정
반역자,부정
방관자,부정
방광염,부정
방사능,부정
방울뱀,부정
방탕자,부정
방해물,부정
방화범,부정
배교자,부정
배신자,부정
백내장,부정
백혈병,부정
뱀장어,부정
범죄자,부정
변절자,부정
병나다,부정
병난다,부정
병들다,부정
보잘것,부정
복막염,부정
부랑아,부정
부랑자,부정
분별없,부정
분하다,부정
불구자,부정
불량배,부정
불량자,부정
불만족,부정
비싸다,부정
비웃다,부정
비웃음,부정
비좁다,부정
빈민가,부정
빈민굴,부정
빼앗다,부정
뺏기다,부정
뻐기다,부정
뾰루지,부정
뿌옇다,부정
사기꾼,부정
사나움,부정
사납다,부정
사나워,부정
사생아,부정
산사태,부정
살인자,부정
살해자,부정
상습범,부정
색전증,부정
샘나다,부정
샘난다,부정
서럽다,부정
섭하다,부정
성나다,부정
성난다,부정
세균전,부정
소인배,부정
소홀히,부정
속임수,부정
쇠하다,부정
수류탄,부정
수막염,부정
수용소,부정
스파이,부정
시무룩,부정
신경염,부정
신경증,부정
신경질,부정
신경통,부정
실어증,부정
실업자,부정
심술궂,부정
싸구려,부정
썩이다,부정
쎄하다,부정
쓰레기,부정
아깝다,부정
아리다,부정
아쉽다,부정
아프다,부정
암거래,부정
암살자,부정
압제자,부정
앙갚음,부정
애끓다,부정
애새끼,부정
애타다,부정
야뇨증,부정
야만인,부정
야맹증,부정
약탈자,부정
얄밉다,부정
얕보다,부정
어기다,부정
어두움,부정
어렵다,부정
어리석,부정
어수선,부정
억압자,부정
언짢다,부정
언청이,부정
얼간이,부정
얽매다,부정
엉터리,부정
여드름,부정
역겹다,부정
역모죄,부정
엿듣다,부정
외고집,부정
외롭다,부정
요독증,부정
요지경,부정
욕지기,부정
용의자,부정
우울증,부정
위선자,부정
위장염,부정
위조품,부정
유선염,부정
은닉처,부정
음모자,부정
이기심,부정
자만심,부정
장애물,부정
장폐색,부정
전염병,부정
절도죄,부정
조바심,부정
좀먹다,부정
종신형,부정
중상자,부정
지겨움,부정
지겹다,부정
지배자,부정
진드기,부정
진저리,부정
질리다,부정
짓궂다,부정
짓밟다,부정
찬서리,부정
찰과상,부정
처박다,부정
척수염,부정
철면피,부정
최면제,부정
추하다,부정
치떨다,부정
침략자,부정
침입자,부정
카바레,부정
칼바람,부정
캐묻다,부정
켕기다,부정
코감기,부정
코웃음,부정
콜레라,부정
탄저병,부정
탈주자,부정
탓하다,부정
태만자,부정
투기장,부정
파괴자,부정
파상풍,부정
패혈증,부정
퍼붓다,부정
편두통,부정
편집병,부정
편찮다,부정
폐결핵,부정
폐기종,부정
폐롭다,부정
포르노,부정
피부염,부정
하찮다,부정
허하다,부정
헐뜯다,부정
험하다,부정
헛되다,부정
헤로인,부정
협심증,부정
호색가,부정
홀아비,부정
화나다,부정
화난다,부정
화내다,부정
환각제,부정
후두염,부정
휑하다,부정
흐느낌,부정
흐리다,부정
흡혈귀,부정
희생자,부정
힘겹다,부정
힘들다,부정
좋아,긍정
글쎄,망설임
싫어,부정
아니,부정
뭔데,유보적
그래,긍정
할까,망설임
맞아,긍정
예스,긍정
엑스,부정
엑쓰,부정
틀림,부정
다름,부정
모름,모호함
별거,부정
대박,긍정
에이,부정
똘똘,긍정
똑똑,긍정
뭐야,부정
야!,부정
좋다,긍정
싫다,부정
동의,긍정
같다,긍정
맞다,긍정
간직,긍정
감동,긍정
감명,긍정
감사,긍정
감탄,긍정
감화,긍정
감회,긍정
감흥,긍정
강건,긍정
강추,긍정
개그,긍정
개량,긍정
개선,긍정
거장,긍정
건강,긍정
건배,긍정
건장,긍정
걸작,긍정
검소,긍정
격려,긍정
격언,긍정
견고,긍정
결백,긍정
결실,긍정
경건,긍정
경관,긍정
경의,긍정
경쾌,긍정
경탄,긍정
고객,긍정
고결,긍정
고귀,긍정
고급,긍정
고수,긍정
공로,긍정
공손,긍정
공적,긍정
공짜,긍정
공평,긍정
관대,긍정
구원,긍정
구제,긍정
그득,긍정
극복,긍정
근면,긍정
긍정,긍정
기대,긍정
기도,긍정
기부,긍정
기쁨,긍정
기여,긍정
기적,긍정
기품,긍정
깔끔,긍정
깨끗,긍정
꼼꼼,긍정
꿀맛,긍정
꿀잼,긍정
끈기,긍정
날씬,긍정
낫다,긍정
낭만,긍정
네네,긍정
네넵,긍정
넵넵,긍정
노력,긍정
놀이,긍정
능력,긍정
다정,긍정
다행,긍정
단장,긍정
달콤,긍정
달필,긍정
담소,긍정
덩실,긍정
도약,긍정
독서,긍정
돕다,긍정
따뜻,긍정
만능,긍정
만족,긍정
말쑥,긍정
맑다,긍정
맑음,긍정
맛깔,긍정
맛집,긍정
매력,긍정
매혹,긍정
멘토,긍정
면죄,긍정
명물,긍정
명성,긍정
명소,긍정
명예,긍정
명쾌,긍정
명품,긍정
모범,긍정
무료,긍정
미모,긍정
미소,긍정
미인,긍정
믿다,긍정
박애,긍정
반짝,긍정
발달,긍정
발전,긍정
발탁,긍정
밝다,긍정
방긋,긍정
번영,긍정
보답,긍정
보상,긍정
보완,긍정
보정,긍정
보존,긍정
보호,긍정
복구,긍정
복음,긍정
부티,긍정
부활,긍정
불굴,긍정
비방,긍정
사랑,긍정
사려,긍정
산뜻,긍정
산보,긍정
산책,긍정
살균,긍정
살맛,긍정
상냥,긍정
상쾌,긍정
선량,긍정
선물,긍정
선의,긍정
선행,긍정
섬세,긍정
성공,긍정
성숙,긍정
성실,긍정
성의,긍정
성장,긍정
성취,긍정
세련,긍정
소득,긍정
소망,긍정
소풍,긍정
솜씨,긍정
수려,긍정
수월,긍정
숙련,긍정
순결,긍정
순수,긍정
순종,긍정
순진,긍정
순항,긍정
술술,긍정
승낙,긍정
승리,긍정
승인,긍정
승진,긍정
신동,긍정
신뢰,긍정
신명,긍정
신비,긍정
신식,긍정
싸게,긍정
싸다,긍정
씩씩,긍정
아늑,긍정
아량,긍정
안녕,긍정
안락,긍정
안부,긍정
안식,긍정
안심,긍정
안정,긍정
애국,긍정
애정,긍정
애호,긍정
양성,긍정
여유,긍정
연륜,긍정
열정,긍정
예찬,긍정
옥토,긍정
온기,긍정
온순,긍정
온화,긍정
완벽,긍정
용맹,긍정
우수,긍정
우아,긍정
우정,긍정
우호,긍정
운치,긍정
웃다,긍정
웃음,긍정
위대,긍정
위로,긍정
위안,긍정
유능,긍정
유망,긍정
유머,긍정
유익,긍정
유쾌,긍정
육성,긍정
으뜸,긍정
은혜,긍정
이익,긍정
이해,긍정
인기,긍정
인내,긍정
인정,긍정
일류,긍정
일품,긍정
입상,긍정
자랑,긍정
자비,긍정
자선,긍정
자애,긍정
자태,긍정
작품,긍정
장관,긍정
장원,긍정
재건,긍정
재기,긍정
재미,긍정
재치,긍정
저렴,긍정
적격,긍정
적극,긍정
적법,긍정
적절,긍정
적정,긍정
전능,긍정
절경,긍정
절약,긍정
절정,긍정
젊다,긍정
젊음,긍정
정돈,긍정
정밀,긍정
정성,긍정
정착,긍정
정화,긍정
정확,긍정
제일,긍정
조율,긍정
조절,긍정
조화,긍정
존경,긍정
존중,긍정
준수,긍정
증대,긍정
지성,긍정
지지,긍정
지혜,긍정
진가,긍정
진급,긍정
진실,긍정
진심,긍정
진취,긍정
진품,긍정
차분,긍정
찬미,긍정
찬사,긍정
찬성,긍정
척척,긍정
천사,긍정
천재,긍정
청결,긍정
청년,긍정
청렴,긍정
청명,긍정
청정,긍정
청혼,긍정
초대,긍정
총애,긍정
최고,긍정
최상,긍정
최선,긍정
최적,긍정
추억,긍정
추천,긍정
축복,긍정
축의,긍정
축전,긍정
충성,긍정
충신,긍정
충실,긍정
충의,긍정
치료,긍정
치하,긍정
친목,긍정
친밀,긍정
친선,긍정
친애,긍정
친절,긍정
침착,긍정
칭찬,긍정
케어,긍정
쾌적,긍정
쾌활,긍정
탁월,긍정
통일,긍정
통풍,긍정
특별,긍정
튼튼,긍정
편리,긍정
편안,긍정
평안,긍정
평온,긍정
평화,긍정
포상,긍정
품위,긍정
풍경,긍정
풍광,긍정
풍류,긍정
풍미,긍정
풍부,긍정
풍성,긍정
풍요,긍정
풍족,긍정
합리,긍정
합법,긍정
해법,긍정
행복,긍정
행운,긍정
향긋,긍정
향기,긍정
향상,긍정
향수,긍정
헌신,긍정
현명,긍정
협동,긍정
호감,긍정
호전,긍정
홈런,긍정
확충,긍정
환대,긍정
환상,긍정
환영,긍정
환희,긍정
활력,긍정
활발,긍정
황홀,긍정
회개,긍정
회복,긍정
횡재,긍정
후련,긍정
훌륭,긍정
휴식,긍정
휴양,긍정
흉포,긍정
흥취,긍정
힐링,긍정
가난,부정
가짜,부정
간섭,부정
간염,부정
간음,부정
간질,부정
간통,부정
감기,부정
감시,부정
감옥,부정
강간,부정
강도,부정
강요,부정
강제,부정
강탈,부정
거만,부정
거부,부정
거절,부정
거지,부정
거짓,부정
걱정,부정
건달,부정
격노,부정
격분,부정
격투,부정
결석,부정
결여,부정
결점,부정
결핍,부정
결함,부정
결핵,부정
경고,부정
경련,부정
경멸,부정
경박,부정
경색,부정
경솔,부정
경시,부정
계략,부정
고갈,부정
고난,부정
고뇌,부정
고독,부정
고립,부정
고문,부정
고물,부정
고민,부정
고발,부정
고별,부정
고생,부정
고통,부정
곡해,부정
곤궁,부정
곤란,부정
곤혹,부정
공포,부정
공황,부정
과격,부정
과다,부정
과민,부정
과부,부정
과시,부정
과식,부정
과음,부정
과잉,부정
광기,부정
광란,부정
괘씸,부정
괴기,부정
괴물,부정
괴상,부정
교란,부정
교만,부정
교묘,부정
교살,부정
교활,부정
구류,부정
구속,부정
구식,부정
구토,부정
굴욕,부정
궁상,부정
궁지,부정
궁핍,부정
궂다,부정
권태,부정
궤변,부정
궤양,부정
규제,부정
극악,부정
극한,부정
근심,부정
금기,부정
급사,부정
기겁,부정
기괴,부정
기근,부정
기만,부정
기절,부정
기피,부정
깐깐,부정
깔보,부정
깡패,부정
꺾다,부정
나락,부정
나약,부정
나태,부정
낙담,부정
낙심,부정
낙후,부정
난민,부정
난색,부정
난입,부정
난잡,부정
난처,부정
난투,부정
난파,부정
난폭,부정
남용,부정
납치,부정
낭비,부정
냉담,부정
냉대,부정
냉소,부정
냉정,부정
냉혈,부정
냉혹,부정
노골,부정
노쇠,부정
노예,부정
누락,부정
누설,부정
누추,부정
누출,부정
눈꼴,부정
담석,부정
당혹,부정
대꾸,부정
도박,부정
도벽,부정
도살,부정
도용,부정
도주,부정
독감,부정
독기,부정
독단,부정
독사,부정
독설,부정
독소,부정
독액,부정
독재,부정
두통,부정
둔감,부정
들쥐,부정
등신,부정
떫다,부정
똘끼,부정
뚱뚱,부정
마녀,부정
마비,부정
마약,부정
만취,부정
말살,부정
망신,부정
매춘,부정
맹장,부정
맹점,부정
먼지,부정
멋쩍,부정
모욕,부정
몰골,부정
몰락,부정
몰수,부정
묘지,부정
무능,부정
무력,부정
무례,부정
무색,부정
무시,부정
무식,부정
무심,부정
무정,부정
미개,부정
미궁,부정
미신,부정
민폐,부정
밉다,부정
바보,부정
박탈,부정
반발,부정
반역,부정
반칙,부정
반항,부정
발뺌,부정
발작,부정
발진,부정
방뇨,부정
방심,부정
방종,부정
방탕,부정
방해,부정
방화,부정
방황,부정
배교,부정
배반,부정
배신,부정
백치,부정
벌점,부정
범죄,부정
법석,부정
벼락,부정
변덕,부정
변명,부정
변비,부정
변절,부정
변칙,부정
별로,부정
병고,부정
병상,부정
병약,부정
보복,부정
복수,부정
복잡,부정
복통,부정
부담,부정
부당,부정
부식,부정
부정,부정
부진,부정
부채,부정
부패,부정
분개,부정
분노,부정
분열,부정
분쟁,부정
분통,부정
불결,부정
불길,부정
불리,부정
불만,부정
불법,부정
불신,부정
불쌍,부정
불안,부정
불온,부정
불운,부정
불의,부정
불임,부정
불충,부정
불치,부정
불쾌,부정
불편,부정
불평,부정
불행,부정
불화,부정
붕괴,부정
비겁,부정
비관,부정
비극,부정
비난,부정
비듬,부정
비련,부정
비만,부정
비애,부정
비참,부정
비천,부정
비탄,부정
비통,부정
비판,부정
빈곤,부정
빈대,부정
빈약,부정
빈혈,부정
빚다,부정
뻔뻔,부정
삐라,부정
사경,부정
사고,부정
사납,부정
사망,부정
사악,부정
사체,부정
사치,부정
사탄,부정
사형,부정
산만,부정
살인,부정
상실,부정
색마,부정
색욕,부정
섬뜩,부정
성급,부정
성병,부정
세뇌,부정
세속,부정
세슘,부정
소극,부정
소름,부정
소음,부정
속물,부정
속인,부정
속타,부정
손상,부정
손실,부정
손해,부정
쇠약,부정
쇠퇴,부정
수갑,부정
수고,부정
수두,부정
수렁,부정
수치,부정
숙청,부정
술책,부정
슬프,부정
슬픔,부정
습격,부정
습진,부정
시름,부정
시리,부정
시시,부정
시체,부정
신랄,부정
신음,부정
실격,부정
실례,부정
실망,부정
실성,부정
실수,부정
실업,부정
실연,부정
실의,부정
실추,부정
실패,부정
실형,부정
싫증,부정
심각,부정
심통,부정
싸움,부정
쓴맛,부정
쓸쓸,부정
아집,부정
아첨,부정
아편,부정
아픔,부정
악귀,부정
악당,부정
악독,부정
악마,부정
악의,부정
악인,부정
악취,부정
악평,부정
악한,부정
악행,부정
악화,부정
안일,부정
암내,부정
암살,부정
암초,부정
압박,부정
압제,부정
애통,부정
야만,부정
야비,부정
야수,부정
약점,부정
약탈,부정
억압,부정
언쟁,부정
얼룩,부정
엄벌,부정
엉성,부정
여의,부정
역모,부정
역병,부정
역적,부정
역정,부정
연옥,부정
열등,부정
염세,부정
염증,부정
예민,부정
오류,부정
오만,부정
오명,부정
오물,부정
오싹,부정
오역,부정
오염,부정
오용,부정
오해,부정
온상,부정
옹졸,부정
와전,부정
완고,부정
왜곡,부정
외상,부정
외설,부정
요통,부정
욕설,부정
욕심,부정
욕창,부정
우둔,부정
우려,부정
우매,부정
우울,부정
울보,부정
울화,부정
원망,부정
원통,부정
원한,부정
위기,부정
위반,부정
위배,부정
위법,부정
위선,부정
위압,부정
위염,부정
위조,부정
위증,부정
위축,부정
위태,부정
위통,부정
위험,부정
위협,부정
유감,부정
유괴,부정
유급,부정
유령,부정
유실,부정
유인,부정
유죄,부정
유해,부정
은둔,부정
은밀,부정
음담,부정
음란,부정
음모,부정
음부,부정
음산,부정
음울,부정
음탕,부정
음흉,부정
이탈,부정
이혼,부정
인색,부정
잃다,부정
임질,부정
자결,부정
자만,부정
자살,부정
자폐,부정
잔인,부정
잔학,부정
잔혹,부정
장애,부정
장염,부정
재갈,부정
재난,부정
재앙,부정
저당,부정
저조,부정
저주,부정
저지,부정
저질,부정
저하,부정
적의,부정
전범,부정
전소,부정
절규,부정
절도,부정
절망,부정
절박,부정
정크,부정
조롱,부정
조잡,부정
졸도,부정
좀비,부정
종양,부정
좌절,부정
좌천,부정
좌초,부정
죄수,부정
죄인,부정
주눅,부정
주춤,부정
증오,부정
지각,부정
지다,부정
지독,부정
지뢰,부정
지루,부정
지배,부정
지옥,부정
진부,부정
질병,부정
질색,부정
질식,부정
질책,부정
질투,부정
집착,부정
징계,부정
짜증,부정
차별,부정
참견,부정
창기,부정
채무,부정
처벌,부정
천박,부정
천식,부정
초라,부정
초조,부정
총기,부정
추악,부정
추잡,부정
출혈,부정
춥다,부정
충돌,부정
충혈,부정
치명,부정
치사,부정
치욕,부정
치질,부정
치통,부정
침략,부정
침몰,부정
침체,부정
침해,부정
코피,부정
타격,부정
타락,부정
탄식,부정
탄핵,부정
탈구,부정
탈락,부정
탈선,부정
탈옥,부정
탐욕,부정
태만,부정
통증,부정
퇴직,부정
퇴폐,부정
퇴행,부정
퇴화,부정
투기,부정
투옥,부정
투쟁,부정
투정,부정
퉁명,부정
파괴,부정
파면,부정
파멸,부정
파산,부정
파손,부정
패배,부정
편견,부정
편모,부정
편애,부정
편파,부정
폐렴,부정
폐병,부정
폐색,부정
폐쇄,부정
폐위,부정
포기,부정
포로,부정
포악,부정
폭격,부정
폭군,부정
폭동,부정
폭력,부정
폭리,부정
폭발,부정
폭설,부정
폭탄,부정
폭행,부정
표류,부정
풀죽,부정
피곤,부정
피난,부정
피로,부정
피폐,부정
피해,부정
핑계,부정
하녀,부정
하인,부정
학대,부정
학살,부정
한파,부정
할복,부정
할퀴,부정
함정,부정
항의,부정
해고,부정
해이,부정
해충,부정
해치,부정
허세,부정
허술,부정
허식,부정
허위,부정
허탕,부정
허풍,부정
험담,부정
험악,부정
현혹,부정
혐오,부정
협잡,부정
형벌,부정
호색,부정
호통,부정
혹심,부정
혼돈,부정
혼동,부정
혼란,부정
혼잡,부정
화재,부정
환각,부정
환락,부정
환멸,부정
환자,부정
황량,부정
황사,부정
황폐,부정
횡령,부정
횡포,부정
후퇴,부정
후회,부정
훼방,부정
훼손,부정
흉터,부정
희롱,부정
없다,부정
아닝,부정
응,긍정
네,긍정
넵,긍정
예,긍정
노,부정
오,긍정
짱,긍정
맛,긍정
멋,긍정
빛,긍정
쉼,긍정
참,긍정
꼴,부정
죄,부정
흠,부정
어,긍정
yes,긍정
i think so,긍정
yes i do,긍정
right,긍정
positive,긍정
true,긍정
no,부정
not,부정
wrong,부정
negative,부정
no i don't,부정
false,부정
o,긍정
x,부정
y,긍정
n,부정